heart_attack,diabetes,COUNT,PERCENT
0,0,195463600.25,86.55896866
0,1,22122558.865,9.7967390194
1,0,4398494.7382,1.9478264378
1,1,3830883.5495,1.6964658825
