heart_attack,diabetes,COUNT,PERCENT
0,0,27811681.943,50.684035052
0,1,21877563.365,39.869691833
1,0,1458480.833,2.6579368272
1,1,3724941.1886,6.7883362881
