heart_attack,diabetes,COUNT,PERCENT
0,0,220195127.25,49.030154587
0,1,209962323.94,46.751648544
1,0,5934455.7524,1.3214065477
1,1,13009526.865,2.8967903207
